topicNum,Pmcid,Relevance
1,1201136,2
1,1236944,2
1,130966,2
1,1402267,2
1,1402280,1
1,1475887,2
1,155634,2
1,1559601,2
1,2072948,2
1,2267791,1
1,2270358,2
1,2275746,2
1,2315652,2
1,2429898,1
1,2438319,2
1,2490681,2
1,2494540,2
1,2503962,2
1,2553061,2
1,2599899,1
1,2602994,2
1,2635122,1
1,2646693,1
1,2653043,2
1,2668594,2
1,2672159,2
1,2672237,2
1,2672240,2
1,2672467,2
1,2729419,1
1,2737775,1
1,2752757,2
1,2758876,2
1,2778463,2
1,2799444,2
1,2801475,2
1,2832616,2
1,2845797,2
1,2922325,2
1,3008823,2
1,3078258,2
1,3078282,2
1,3093002,2
1,3199072,2
1,3205748,2
1,3224392,2
1,3258019,2
1,3258729,2
1,3259311,2
1,3259381,2
1,3262520,2
1,3277903,1
1,3283750,1
1,3301006,2
1,3326370,2
1,3374026,2
1,3406271,2
1,3406274,2
1,3406277,2
1,3420628,2
1,3433655,2
1,3444002,2
1,3465868,1
1,3481681,1
1,3490454,2
1,3545850,2
1,3582057,1
1,3667058,2
1,3701502,1
1,3730207,2
1,3744738,2
1,3760668,1
1,3764695,2
1,3809224,2
1,3849098,2
1,3853238,2
1,3856285,2
1,3874377,2
1,3874378,2
1,3877606,2
1,3880210,1
1,3890743,2
2,1087510,1
2,1112595,1
2,1168906,2
2,1175897,1
2,1175916,1
2,1175924,1
2,1215528,1
2,1240959,1
2,1257604,1
2,1277009,1
2,137228,1
2,1386678,1
2,1413549,1
2,1464381,2
2,1469866,1
2,1475232,1
2,1550803,1
2,1568358,2
2,1568380,1
2,1751045,1
2,1781795,1
2,1796861,2
2,1820987,1
2,183865,1
2,1851004,2
2,1891275,2
2,1939852,1
2,2002419,1
2,2018704,1
2,2025296,1
2,2082036,1
2,2128214,1
2,2133536,2
2,2136485,2
2,2202333,1
2,2206392,2
2,2253540,1
2,2364663,1
2,2365966,1
2,2384718,1
2,2385654,1
2,2385751,1
2,2385823,1
2,2386861,1
2,2390549,1
2,2448050,1
2,2474644,1
2,2492864,2
2,2515635,1
2,2546376,1
2,2546434,1
2,2559831,1
2,2566980,1
2,2570830,2
2,2570908,2
2,2575602,2
2,2578943,2
2,2583042,1
2,2591620,2
2,2600388,1
2,2621130,1
2,2627963,1
2,2636786,1
2,2644295,2
2,2647170,1
2,2680832,2
2,2681119,2
2,2698064,2
2,2700454,2
2,2700478,1
2,2705343,1
2,2714572,2
2,2725817,2
2,2725833,2
2,2725834,2
2,2725870,1
2,2725948,2
2,2727333,2
2,2729879,2
2,2732551,1
2,2750192,2
2,2754485,1
2,2764845,2
2,2780641,1
2,2783073,2
2,2802352,1
2,2803920,1
2,2803992,1
2,2811908,2
2,2815980,2
2,2817000,1
2,2828091,2
2,2829597,1
2,2842275,2
2,2846739,1
2,2850176,2
2,2855073,1
2,2860402,1
2,2862513,1
2,2878208,2
2,2890005,1
2,2893430,2
2,2911751,1
2,2918871,2
2,2923780,1
2,2930172,2
2,2941259,1
2,2946718,1
2,2946956,1
2,2954014,2
2,2955686,2
2,2958005,2
2,2958022,1
2,2958032,2
2,2958542,1
2,2958958,2
2,2966984,1
2,2974228,2
2,2988176,2
2,2991321,2
2,3000139,1
2,3000162,1
2,3012278,1
2,3033073,2
2,3033095,1
2,3034701,1
2,3035547,2
2,3052621,2
2,3063653,2
2,3066183,1
2,3075397,1
2,3079651,1
2,3085223,2
2,3086217,2
2,3090107,2
2,3097723,2
2,3097804,2
2,3099506,1
2,3109342,1
2,3114546,2
2,3118372,2
2,3118811,2
2,3121612,2
2,3125024,1
2,3129349,2
2,3159900,1
2,3162819,1
2,3162821,1
2,3170265,2
2,3176209,2
2,3205006,1
2,3218869,1
2,3219246,1
2,3223529,2
2,3226624,1
2,3257067,1
2,3266655,1
2,3276904,1
2,3278951,2
2,3279317,1
2,3291226,2
2,3294754,2
2,3301050,2
2,3309579,1
2,3310460,2
2,3311181,2
2,3314854,2
2,3316689,2
2,3320461,2
2,3321975,1
2,3322057,1
2,3322781,2
2,3322905,2
2,3322907,1
2,3322910,2
2,3323160,2
2,3323212,2
2,3323328,2
2,3364540,2
2,3374420,2
2,3374421,2
2,3376101,2
2,3376151,1
2,3378931,1
2,3381396,1
2,3385239,2
2,3389947,1
2,3396276,2
2,3403114,1
2,3414549,1
2,3416909,2
2,3420557,1
2,3429833,1
2,3432326,1
2,3436624,1
2,3436764,1
2,3439446,1
2,3446154,2
2,3447288,1
2,3456478,1
2,3458229,1
2,3462154,1
2,3463044,1
2,3481388,2
2,3486933,2
2,3496690,1
2,3499172,1
2,3502361,1
2,3511061,2
2,3519021,2
2,3522360,2
2,35282,2
2,3533152,1
2,3535733,2
2,3539528,2
2,3542335,2
2,3544629,2
2,3546448,1
2,3546880,1
2,3552307,2
2,3563698,1
2,3564029,2
2,3583117,2
2,3584903,1
2,3591538,1
2,3600016,2
2,3609679,2
2,3610129,2
2,3616825,1
2,3637271,1
2,3640090,2
2,3640983,2
2,3647710,1
2,3650976,2
2,3651415,1
2,3655108,1
2,3655859,2
2,3672621,1
2,3681687,1
2,3702368,1
2,3746305,1
2,3748528,1
2,3751081,2
2,3766129,1
2,3766340,1
2,3766589,1
2,3784437,2
2,3793435,2
2,3797049,2
2,3804219,1
2,3805478,1
2,3825647,2
2,3828296,1
2,3837656,2
2,3837668,1
2,3844354,2
2,3845747,2
2,3853203,1
2,3867258,2
2,3872011,1
3,1968787,1
3,1971490,1
3,2001323,1
3,2009435,1
3,201022,2
3,2011516,1
3,2025113,1
3,2233876,2
3,2373300,1
3,2610653,1
3,2627214,1
3,2687457,1
3,2730627,1
3,2766874,1
3,2766900,1
3,2878712,1
3,2892667,1
3,2892773,2
3,2936317,1
3,3082113,1
3,3101722,2
3,3127816,1
3,3389846,2
3,3403798,1
3,3430489,1
3,3460172,1
3,3484289,1
3,3505349,1
3,3507065,1
3,3519030,1
3,3522332,1
3,3528766,1
3,3583529,1
3,3590355,1
3,3616260,1
3,3635626,1
3,3644826,1
3,3656556,1
3,3696066,1
3,3702496,1
3,3742834,1
3,3756169,1
3,3767023,1
3,3786726,1
3,3789934,1
3,3833933,1
3,3879007,1
3,3892522,1
4,1156909,2
4,1852903,2
4,2170449,1
4,2246263,1
4,2526401,2
4,2526417,2
4,2646726,1
4,2687814,2
4,2693867,1
4,2732452,1
4,2737781,2
4,2769330,2
4,2790127,2
4,2799065,1
4,2807148,2
4,2828460,2
4,2831247,2
4,2831897,1
4,2877789,2
4,2893369,2
4,2908435,2
4,2908875,2
4,3005218,2
4,3020335,2
4,3035542,1
4,3057594,2
4,3090653,1
4,3094683,2
4,3097588,2
4,3102615,2
4,3120998,2
4,3152734,2
4,3162786,2
4,3163180,2
4,3194761,2
4,3212703,2
4,3232573,2
4,3235783,2
4,3247765,1
4,3259313,2
4,3264881,2
4,3282974,2
4,3284666,2
4,3289979,2
4,3292802,2
4,3315623,2
4,3370327,2
4,3385618,2
4,3413594,1
4,3425032,2
4,3425034,2
4,3446097,2
4,3466869,2
4,3469389,1
4,3487198,2
4,3490505,1
4,3534160,2
4,3561184,2
4,3564025,2
4,3564105,1
4,3569638,2
4,3573789,2
4,3590129,2
4,3598686,2
4,3625593,2
4,3632492,2
4,3734755,2
4,3749082,2
4,3758326,2
4,3808853,2
4,3809217,2
4,3819680,2
4,3819682,2
4,3826559,2
4,3838481,2
4,3888612,2
4,3891393,2
5,1064123,1
5,1065004,1
5,1097749,1
5,1131908,1
5,1175911,2
5,1180854,2
5,1201178,1
5,1282576,1
5,137223,1
5,1413549,1
5,1414021,1
5,1414028,1
5,1464140,1
5,1464381,1
5,1469559,1
5,1481515,1
5,1524788,1
5,1533819,1
5,1550867,1
5,1550946,1
5,1568462,1
5,1602198,1
5,1609165,2
5,1679810,1
5,1750965,1
5,1751060,1
5,1764004,2
5,1781075,1
5,1781780,1
5,1781795,1
5,1824715,2
5,1940263,2
5,1987337,2
5,1989755,2
5,2020460,2
5,2045103,2
5,2206392,1
5,2222237,2
5,2244628,1
5,2359996,1
5,2385820,1
5,2409543,1
5,2426673,1
5,2567096,1
5,2576164,2
5,2598878,1
5,2599294,2
5,2627179,2
5,2629964,2
5,2647177,1
5,2649145,1
5,2672442,2
5,2684304,2
5,2695771,2
5,2700432,1
5,2706800,2
5,2737754,2
5,2767138,2
5,2769286,2
5,2829621,1
5,2860403,1
5,2868875,1
5,2876696,1
5,2876903,2
5,2887806,2
5,2906941,2
5,2920273,2
5,2964707,2
5,3015225,1
5,3019007,2
5,3039763,2
5,3053630,1
5,3064452,2
5,3108676,2
5,3108942,2
5,3134172,2
5,3161475,2
5,3249337,2
5,3258820,2
5,3263087,1
5,3273370,1
5,3325356,1
5,3339806,1
5,3347843,2
5,3355351,2
5,3357009,2
5,3368485,1
5,3373988,1
5,3391195,2
5,3405157,2
5,3409130,2
5,3444002,2
5,3445145,2
5,3445446,2
5,3463042,1
5,3469224,1
5,3484605,2
5,3488523,2
5,3502108,1
5,3539053,2
5,3542887,1
5,3555588,2
5,3571887,2
5,3573171,2
5,3596662,2
5,3600284,2
5,3606326,1
5,3607782,1
5,3629711,2
5,3658220,1
5,3669617,2
5,3671115,2
5,3671823,2
5,3673888,2
5,3679963,1
5,3684086,1
5,3713602,1
5,3718230,1
5,3719234,2
5,3724670,1
5,3767072,2
5,3773459,1
5,3775118,1
5,3784075,2
5,3786976,1
5,3789280,2
5,3830270,1
5,3841536,2
5,3872384,2
5,3875701,2
5,3876309,1
5,3888913,2
5,468908,1
6,1037001,1
6,1079864,1
6,1166571,1
6,1175853,1
6,1343576,2
6,1369002,1
6,1459474,1
6,1459877,1
6,149426,1
6,149427,1
6,1500968,2
6,150570,1
6,153495,1
6,153533,1
6,1550576,1
6,1559691,1
6,1566656,1
6,1624823,1
6,1629026,1
6,1636720,1
6,1781572,1
6,1794136,2
6,1802740,2
6,1824726,2
6,1852090,1
6,1904360,1
6,1947954,2
6,1994045,1
6,2007982,1
6,2096713,1
6,2118050,1
6,2124710,1
6,2174471,1
6,2211778,1
6,2238766,1
6,2292424,1
6,2326726,2
6,2350146,1
6,2384340,1
6,2384782,1
6,2385047,1
6,2385662,2
6,2385853,2
6,2448507,2
6,2448541,2
6,2448802,1
6,2453658,1
6,2453666,1
6,2478847,1
6,2479703,1
6,2515409,2
6,2515417,1
6,2515428,1
6,2518347,1
6,2546468,1
6,2613580,1
6,2627528,1
6,2646042,2
6,2685239,2
6,2686636,1
6,2723667,2
6,2729726,1
6,2740343,1
6,2758596,2
6,2764564,1
6,2774628,2
6,2832020,1
6,2899806,1
6,2905609,1
6,2906445,1
6,2940872,2
6,2941781,2
6,2946585,2
6,2963920,2
6,2972490,2
6,2984455,2
6,2998520,1
6,3003149,1
6,3006050,1
6,3010891,1
6,3021110,1
6,3047965,1
6,3047971,2
6,3047985,1
6,3047986,1
6,3052714,2
6,3080564,1
6,3081358,1
6,3081469,1
6,3097146,2
6,3103558,1
6,3108514,2
6,3114322,2
6,3116297,1
6,3122893,1
6,3122895,1
6,3122899,1
6,3124298,1
6,3138102,1
6,3142033,1
6,3142036,1
6,3152182,1
6,3152183,1
6,3157602,1
6,3221028,2
6,3224657,2
6,3259362,2
6,3263204,1
6,3270907,2
6,3271397,1
6,3290257,2
6,3297411,2
6,3317136,2
6,3322723,1
6,3357214,2
6,3362038,1
6,3369138,1
6,3379595,1
6,3380126,1
6,3401751,2
6,3401767,1
6,3402273,1
6,3405309,2
6,3410075,2
6,3426551,1
6,3495379,2
6,3499274,1
6,3506244,2
6,3508110,1
6,3524099,1
6,3533748,1
6,3535134,1
6,3537266,2
6,3537269,2
6,3537557,2
6,3546197,1
6,3554227,2
6,3557414,2
6,3560772,1
6,3573501,1
6,3575963,2
6,3579430,1
6,3581257,2
6,3607889,2
6,3616979,1
6,3616991,1
6,3626385,2
6,3628830,1
6,3632172,1
6,3632191,1
6,3639626,2
6,3644747,1
6,3652182,1
6,3658433,2
6,3662109,2
6,3665865,1
6,3687094,2
6,3691899,2
6,3708105,1
6,3712083,2
6,3743366,1
6,3745954,2
6,3747868,1
6,3769085,1
6,3770043,1
6,3776323,1
6,3781548,1
6,3784866,1
6,3785593,1
6,3800884,2
6,3806357,1
6,3816241,1
6,3834722,1
6,3848642,2
6,3851456,1
6,3872681,2
6,3884850,1
6,3889324,2
6,3889325,2
6,544835,1
7,1087494,2
7,1088011,2
7,1183226,2
7,1188051,2
7,1199611,2
7,1325049,2
7,1434505,2
7,1584230,2
7,1592154,2
7,161797,2
7,1664563,2
7,1716160,2
7,1940252,2
7,2031887,2
7,2089060,2
7,2254627,2
7,2270822,2
7,2494993,2
7,2515901,2
7,2542367,2
7,2656288,2
7,2656315,2
7,2656332,2
7,2656591,2
7,2671773,2
7,2749439,2
7,2767345,2
7,2768965,2
7,2778437,2
7,2879869,2
7,2881943,2
7,2921140,2
7,2924526,2
7,2938294,2
7,2955942,2
7,2970879,2
7,2970950,2
7,2972415,2
7,3009622,2
7,3011203,2
7,3012558,2
7,3012908,2
7,3013171,2
7,3031940,2
7,3082809,2
7,3094285,2
7,3096313,2
7,3108260,2
7,3122543,2
7,3123271,2
7,3123969,2
7,3136248,2
7,3148928,2
7,3168079,2
7,3176902,2
7,3181562,2
7,3181740,2
7,3181745,2
7,3181767,2
7,3181770,2
7,3181772,2
7,3181773,2
7,3181775,2
7,3181779,2
7,3181867,2
7,3181869,2
7,3181871,2
7,3181872,2
7,3181876,2
7,3181882,2
7,3181883,2
7,3181885,2
7,3181887,2
7,3181888,2
7,3181971,2
7,3182389,2
7,3184501,2
7,3191598,2
7,3195148,2
7,3195149,2
7,3205688,2
7,3210897,2
7,3235113,2
7,3235659,2
7,3324881,2
7,3372558,2
7,3373552,2
7,3375088,2
7,3405392,2
7,3405397,2
7,3461647,2
7,3553333,2
7,3557457,2
7,3560182,2
7,3568739,2
7,3605789,2
7,3627470,2
7,3686769,2
7,3694900,2
7,3760296,2
7,3760618,2
7,3878174,2
8,1216331,1
8,1252727,1
8,1298325,1
8,1316067,2
8,1459868,2
8,1513597,1
8,151666,2
8,1559621,2
8,1563447,1
8,1578577,1
8,1693557,2
8,1764752,1
8,1794627,1
8,1868710,1
8,1906781,1
8,2187197,1
8,2246031,2
8,2263063,1
8,2366066,2
8,2408940,2
8,2442427,1
8,2496988,1
8,2526366,2
8,2547099,2
8,2576332,2
8,2581654,1
8,2581659,1
8,2607544,2
8,2638813,2
8,2639208,2
8,2646658,1
8,2661898,1
8,2663463,2
8,2668559,2
8,2672014,2
8,2672188,2
8,2677798,2
8,2677799,1
8,2683939,1
8,2686868,2
8,2686928,1
8,2690857,2
8,2702832,1
8,2705504,1
8,2706416,1
8,2714061,2
8,2718120,2
8,2749045,1
8,2759336,2
8,2759338,2
8,2760719,1
8,2769430,1
8,2773124,2
8,2806537,2
8,2808512,1
8,2811971,1
8,2811980,2
8,2844408,1
8,2851297,1
8,2854356,2
8,2854938,2
8,2857279,1
8,2860358,1
8,2864151,2
8,2890893,2
8,2915796,1
8,2938459,1
8,2944799,1
8,2949589,2
8,2987858,2
8,2987955,1
8,3015177,2
8,3015204,1
8,3022870,1
8,3026935,2
8,3038529,1
8,3038533,1
8,3039161,2
8,3039162,1
8,3039167,1
8,3041901,1
8,3074332,1
8,3087163,1
8,3087473,1
8,3087487,2
8,3087508,1
8,3100676,1
8,3104685,2
8,3109410,1
8,3139171,1
8,3151599,1
8,3160011,2
8,3169556,2
8,3171359,1
8,3177789,1
8,3178148,1
8,3181713,2
8,3181814,1
8,3181816,1
8,3181848,2
8,3181915,2
8,3181918,1
8,3189782,2
8,3224521,1
8,3235940,1
8,3238497,2
8,3243637,1
8,3265806,1
8,3269050,2
8,3286330,1
8,3286335,1
8,3292568,2
8,3296552,2
8,3308020,1
8,3308023,1
8,3310634,1
8,3311149,1
8,3325431,1
8,3330267,1
8,3336236,1
8,3340342,2
8,3340570,2
8,3347756,1
8,3359427,1
8,3389871,1
8,3389956,2
8,3405324,1
8,3410003,2
8,3414089,1
8,3420744,1
8,3422616,1
8,3423946,1
8,3430626,1
8,3433364,1
8,3457973,1
8,3463813,1
8,3463884,1
8,3470713,1
8,3486423,1
8,3489883,1
8,3492138,1
8,3500470,1
8,3505356,2
8,3506998,1
8,3514352,1
8,3514380,1
8,3517431,1
8,3521923,2
8,3527175,2
8,3527560,2
8,3545923,1
8,3551238,1
8,3568150,1
8,3573064,1
8,3578350,1
8,3586491,1
8,3597555,1
8,3610658,1
8,3617350,1
8,3622231,1
8,3655958,1
8,3657692,2
8,3664367,2
8,3690350,1
8,3693614,1
8,3708448,1
8,3718248,1
8,3735339,1
8,3745958,1
8,3776403,1
8,3777767,1
8,3777773,1
8,3777834,1
8,3778250,1
8,3785512,1
8,3792504,1
8,3794958,1
8,3806583,1
8,3807715,1
8,3818844,1
8,3823986,1
8,3835463,2
8,3835584,1
8,3841621,1
8,3842089,1
8,3845517,1
8,3846886,1
8,3850907,1
8,3860086,1
8,3868168,1
8,3869687,1
8,3869913,1
8,3872046,1
8,3873931,1
8,3880091,1
8,3885824,1
8,3885875,1
9,2526433,2
9,2800864,2
9,2823760,1
9,2840894,2
9,2856359,1
9,3156524,2
9,3352629,2
9,3652086,2
9,3667316,1
9,3726922,2
9,3876010,2
10,2667400,2
10,2687574,1
10,2691519,1
10,2740058,1
10,2740158,1
10,2749011,1
10,2768636,1
10,2842962,1
10,2893371,1
10,2933643,1
10,3004514,1
10,3030049,1
10,3047858,2
10,3101789,1
10,3290188,2
10,3420662,1
10,3423657,1
10,3466839,1
10,3483501,2
10,3514812,1
10,3601223,1
10,3637401,1
10,3649654,2
10,3670530,2
10,3674744,2
10,3741700,1
10,3860639,1
10,3860641,1
10,3872241,1
11,130966,1
11,1559601,2
11,1764004,1
11,1852545,1
11,1929108,1
11,194433,1
11,2045103,1
11,2174498,2
11,2363727,1
11,2430200,1
11,2464753,1
11,2515422,2
11,2531092,1
11,2588582,1
11,2596547,1
11,2627698,2
11,2629964,1
11,2639604,1
11,2672220,1
11,2672240,1
11,2678699,2
11,2700473,2
11,2721535,1
11,2737754,1
11,2760693,1
11,2767138,2
11,2769292,2
11,2769480,2
11,2770458,1
11,2771148,1
11,2801475,1
11,2803851,2
11,2803953,2
11,2850857,2
11,2858720,1
11,2872582,1
11,2879291,1
11,2887806,2
11,2917397,1
11,2938495,1
11,2967692,1
11,2981784,1
11,2984334,2
11,2988179,2
11,2992067,1
11,3030029,1
11,3034954,2
11,3047826,2
11,3064452,1
11,3064888,1
11,3078258,1
11,3088014,1
11,3108676,1
11,3120277,2
11,3141758,1
11,3152527,2
11,3154489,1
11,3161475,1
11,3169864,2
11,3183636,2
11,3184711,2
11,3207060,1
11,3222602,1
11,3248865,1
11,3285529,1
11,3296555,1
11,3299160,2
11,3336243,2
11,3347843,1
11,3353206,1
11,3354466,2
11,3397657,1
11,3406274,2
11,3406278,2
11,3436631,1
11,3445145,2
11,3485910,2
11,3487309,1
11,3498317,2
11,3505934,1
11,3507802,2
11,3529253,2
11,3542887,2
11,3543951,2
11,3572695,2
11,3618925,2
11,3658220,1
11,3664074,2
11,3677011,2
11,3679768,2
11,3680477,2
11,3687640,2
11,3772305,2
11,3784075,2
11,3821706,2
11,3833587,2
11,3856285,2
11,3866926,1
11,3874663,2
11,3890738,2
12,101408,1
12,1084359,1
12,1140938,2
12,1151653,2
12,1269452,1
12,1269460,2
12,1278477,1
12,1280924,1
12,1281279,1
12,1308833,1
12,1322287,1
12,1382235,2
12,1431557,1
12,1513065,1
12,1513521,1
12,1637335,1
12,1913587,1
12,2120825,1
12,2138688,1
12,2186939,1
12,2270726,1
12,2527784,2
12,2583982,2
12,2584645,2
12,2589194,2
12,2595654,2
12,2655275,2
12,2686852,1
12,2700089,1
12,2704528,1
12,2734629,1
12,2741486,1
12,2746452,1
12,2768506,1
12,2778562,2
12,2799413,1
12,2821392,1
12,2877029,2
12,2882550,2
12,2915794,1
12,2951033,1
12,2989378,1
12,3010678,2
12,3018974,2
12,3031940,1
12,3034940,1
12,3041782,2
12,3075814,2
12,3079865,2
12,3095901,2
12,3104441,1
12,3108690,1
12,3109817,2
12,3113834,2
12,3123561,2
12,3129124,2
12,3134260,2
12,3134320,2
12,3140027,2
12,3141718,2
12,3156535,1
12,3166263,2
12,3169862,2
12,3169863,2
12,3198526,2
12,3212801,2
12,3224772,2
12,3230027,2
12,3246474,2
12,3256118,2
12,3288929,1
12,3290258,2
12,3303894,2
12,3337801,2
12,3342720,2
12,3349544,1
12,3350179,2
12,3352226,2
12,3354841,2
12,3354857,2
12,3354865,2
12,3363700,2
12,3401781,2
12,3402675,1
12,3420799,2
12,3425150,2
12,3425758,2
12,3425768,2
12,3475014,2
12,3485864,2
12,3494865,2
12,3504208,2
12,3506073,2
12,3508199,2
12,3513008,2
12,3514797,2
12,3539526,2
12,3542033,2
12,3565903,2
12,3600204,1
12,3603048,2
12,3608003,2
12,3614336,1
12,3616310,2
12,3617081,2
12,3625010,1
12,3625569,2
12,3626556,1
12,3632039,2
12,3637811,2
12,3643833,2
12,3651609,1
12,3659911,2
12,3665256,2
12,3680092,2
12,3683210,2
12,3683229,2
12,3689161,2
12,3693641,2
12,3745863,2
12,3746228,2
12,3749100,1
12,3761349,2
12,3773959,2
12,3799612,1
12,3811697,2
12,3830293,2
12,3830294,2
12,3830296,2
12,3836014,1
12,3871041,2
13,1065003,1
13,1065094,1
13,137397,2
13,1474617,1
13,1523191,1
13,1557713,2
13,1617112,1
13,1764004,2
13,1906866,1
13,1939921,1
13,2125882,1
13,2211302,2
13,2270282,1
13,2288601,1
13,2291339,2
13,2323013,1
13,2362714,1
13,2448694,1
13,2582334,2
13,2612756,1
13,2621418,1
13,2628138,2
13,2637917,1
13,2650596,1
13,2669462,1
13,2671519,1
13,2672442,2
13,2693784,1
13,2700473,1
13,2700484,2
13,2700591,1
13,2706214,1
13,2737775,2
13,2743643,1
13,2754094,1
13,2760911,2
13,2767138,1
13,2783053,1
13,2789929,2
13,2791737,2
13,2803902,1
13,2810585,2
13,2811908,1
13,2816287,1
13,2817864,2
13,2840827,2
13,2846739,1
13,2878708,1
13,2887806,2
13,2906941,2
13,2958892,1
13,2984474,2
13,2984575,1
13,2988177,1
13,2998658,2
13,3003678,2
13,3033073,2
13,3034954,1
13,3047355,1
13,3047823,2
13,3047842,2
13,3060149,2
13,3069387,2
13,3087018,2
13,3092060,2
13,3099612,1
13,3114546,1
13,3135096,1
13,3137850,2
13,3152527,1
13,3157673,2
13,3161951,1
13,3195099,1
13,3199125,2
13,3206769,1
13,3207060,2
13,3219017,2
13,3223529,1
13,3226573,2
13,3227138,2
13,3236138,1
13,3259378,2
13,3259385,1
13,3279317,1
13,3288010,1
13,3301634,2
13,3339066,1
13,3422178,2
13,3424120,2
13,3436728,2
13,3466862,2
13,3488388,1
13,3536353,2
13,3538708,2
13,3543180,1
13,3555706,1
13,3577793,2
13,3608039,2
13,3609960,1
13,3611086,1
13,3616178,1
13,3629711,1
13,3646731,2
13,3686606,1
13,3701778,2
13,3719282,1
13,3734890,2
13,3744738,2
13,3772272,1
13,3793431,2
13,3845254,2
13,3881380,2
14,1097737,1
14,1236946,1
14,1277006,1
14,128832,1
14,137370,1
14,1379647,1
14,1382265,1
14,1402327,1
14,1434765,1
14,1471781,1
14,1472097,1
14,1475565,1
14,1513525,1
14,1522014,1
14,1557854,1
14,1794449,1
14,183864,1
14,2063499,1
14,2248586,1
14,2291314,1
14,2385343,1
14,2385744,2
14,2390579,1
14,2426706,1
14,2474850,1
14,2496697,1
14,2518380,2
14,2559826,1
14,2585577,1
14,2627525,1
14,2631053,1
14,2648945,1
14,2677268,1
14,2687896,1
14,2698060,1
14,2767133,1
14,2769363,1
14,2772260,1
14,2775026,1
14,2780634,1
14,2783048,1
14,2783161,1
14,2803848,1
14,2805656,1
14,2822147,1
14,2822791,1
14,2823148,1
14,2828440,2
14,2831203,1
14,2831909,1
14,2838368,2
14,2857829,1
14,2880803,1
14,2884448,1
14,2902496,1
14,2906932,1
14,2908877,1
14,2909783,1
14,2923795,1
14,2935134,1
14,2940086,1
14,2984268,1
14,2994656,2
14,3021828,1
14,3031991,1
14,3036638,1
14,3038529,1
14,3047849,1
14,3063409,1
14,3083989,1
14,3087163,1
14,3087248,1
14,3089911,2
14,3093208,1
14,3099615,2
14,3106393,1
14,3113998,1
14,3114312,1
14,3114370,1
14,3130360,1
14,3130466,1
14,3137828,1
14,3145557,1
14,3150839,2
14,3159366,1
14,3162713,1
14,317469,1
14,3176167,1
14,3181626,2
14,3194779,1
14,3214503,1
14,3220250,2
14,3246148,1
14,3273706,1
14,3282669,1
14,3290011,1
14,3290013,2
14,3298221,1
14,3299601,2
14,3310834,1
14,3326248,1
14,3349957,1
14,3385502,1
14,3389848,2
14,3389887,1
14,3389956,1
14,3390892,1
14,3400886,1
14,3401656,1
14,3410014,1
14,3431062,1
14,3433121,1
14,3439771,1
14,3443736,1
14,3459527,1
14,3527238,1
14,3531955,2
14,3536037,2
14,3536615,1
14,3542555,1
14,3542921,1
14,3542922,1
14,3544320,1
14,3546438,1
14,3548361,1
14,3555219,1
14,3559119,1
14,3573792,1
14,3586697,1
14,3599144,1
14,3601985,1
14,3638278,1
14,3641437,1
14,3642585,1
14,3658250,1
14,3667461,1
14,3690066,1
14,3693614,1
14,3700939,1
14,3704936,1
14,3714092,1
14,3724297,1
14,3734736,1
14,3745928,1
14,3777757,1
14,3809434,2
14,3813813,1
14,3815017,1
14,3821435,1
14,3836928,1
14,3841600,1
14,3845239,1
14,3860675,1
14,3866778,2
14,3869913,1
14,3877750,2
14,3878578,1
15,1208937,2
15,1784608,1
15,2449186,2
15,2626783,2
15,2637889,1
15,2649930,2
15,2672226,2
15,2672247,1
15,2700241,2
15,2700671,1
15,2700683,2
15,2709639,1
15,2713849,2
15,2718206,1
15,2726514,2
15,2726540,2
15,2729468,2
15,2737761,2
15,2737786,1
15,2740022,1
15,2766875,2
15,2766886,2
15,2766898,2
15,2767137,2
15,2769446,2
15,2778945,2
15,2782171,1
15,2782204,1
15,2791738,2
15,2800936,2
15,2806401,2
15,2809077,2
15,2816301,2
15,2822794,1
15,2848680,1
15,2878686,1
15,2884455,2
15,2908674,2
15,2921813,2
15,2930290,1
15,2938513,1
15,2941598,2
15,2954974,2
15,2963121,2
15,2963752,2
15,2970786,1
15,2990894,2
15,3002375,2
15,3014817,2
15,3015424,2
15,3015487,1
15,3015570,1
15,3015759,1
15,3015918,2
15,3016001,1
15,3016115,1
15,3018959,2
15,3019596,2
15,3021277,2
15,3052620,1
15,3056215,2
15,3066713,2
15,3094260,2
15,3097809,2
15,3099610,2
15,3111156,2
15,3129104,2
15,3148597,2
15,3162726,1
15,3195536,2
15,3205541,2
15,3205660,2
15,3205779,2
15,3214510,1
15,3282101,1
15,3340954,1
15,3361201,2
15,3369119,1
15,3430087,2
15,3444845,1
15,3493838,1
15,3516685,1
15,3522359,1
15,3583074,2
15,3614797,1
15,3628456,2
15,3646223,1
15,3651717,1
15,3719296,1
15,3780706,2
15,3853875,2
15,3873172,1
15,3874942,1
16,1184074,1
16,1282576,2
16,1310615,1
16,1431525,1
16,2135201,2
16,2268742,2
16,2656546,2
16,2710506,1
16,2731168,1
16,2732448,1
16,2742899,1
16,2745658,2
16,2781142,2
16,2797745,2
16,2803182,1
16,2815959,1
16,2846934,2
16,2874428,2
16,2958551,1
16,3071360,1
16,3135331,1
16,3170745,2
16,3283561,2
16,3289591,1
16,3294322,2
16,3298317,1
16,3320390,2
16,3347913,2
16,3367620,1
16,3374424,2
16,3410211,2
16,3424805,2
16,3519073,2
16,3614649,2
16,3642086,2
17,1183200,1
17,122079,2
17,1488855,1
17,1784748,2
17,1885440,2
17,2213305,2
17,2374788,1
17,2442959,1
17,2442981,2
17,2569193,2
17,2572068,2
17,2572586,1
17,2600825,2
17,2609891,2
17,2678139,1
17,2688143,1
17,2740293,2
17,2760525,1
17,2783077,2
17,2816793,2
17,2821393,2
17,2830945,2
17,2833155,2
17,2836925,2
17,2848006,2
17,2853788,2
17,3016143,2
17,3031281,1
17,3041043,1
17,3047832,1
17,3068583,2
17,3073909,2
17,3075160,1
17,3101356,2
17,3108731,1
17,3113153,2
17,3113183,2
17,3122091,1
17,3122097,1
17,3148882,1
17,3183690,2
17,3192212,2
17,3214511,1
17,3227160,2
17,3229087,1
17,3251528,1
17,3299162,1
17,3304619,2
17,3328985,1
17,3351958,2
17,3395037,1
17,3396109,1
17,3423789,1
17,3438050,2
17,3468117,2
17,3628218,2
17,3628469,2
17,3649156,2
17,3680866,2
17,3711740,2
17,3782364,1
17,3783828,2
17,3806164,2
17,3843899,2
17,3859883,1
17,3886912,2
18,1175926,2
18,125311,1
18,137249,2
18,1550961,2
18,1998881,2
18,2206446,2
18,2206519,2
18,2228383,2
18,2246223,2
18,2575565,2
18,2575584,2
18,2575599,2
18,2631222,2
18,2686975,1
18,2688343,2
18,2717442,2
18,2750143,2
18,2755787,2
18,2756346,2
18,2759914,2
18,2784403,2
18,2794498,1
18,2799007,1
18,2799065,1
18,2825552,2
18,2888325,2
18,2933117,2
18,2944247,2
18,2995900,2
18,3043756,2
18,3108768,2
18,3116003,2
18,3199906,2
18,3205656,2
18,3218965,2
18,3219003,1
18,3219018,2
18,3219034,1
18,3219287,2
18,3224471,2
18,3226299,2
18,3257034,2
18,3290847,2
18,3310988,1
18,3333660,1
18,3351253,2
18,3354405,2
18,3363766,1
18,3387587,2
18,3387614,2
18,3387629,2
18,3409957,2
18,3474147,2
18,3483834,2
18,3484552,2
18,3507390,2
18,3519588,2
18,3521774,2
18,3534058,2
18,3546087,2
18,3546089,2
18,3549924,1
18,3567877,2
18,3576734,2
18,3580664,2
18,3597913,2
18,3661928,1
18,3663224,1
18,3672626,2
18,3682238,2
18,3682250,2
18,3682302,2
18,3689004,2
18,3692142,2
18,3744706,2
18,3841504,2
18,3844534,2
18,3845336,2
18,3851869,2
18,3857284,2
18,3886265,2
18,522841,2
19,1180860,1
19,1182400,2
19,1266380,1
19,1318457,1
19,1450293,1
19,1459185,1
19,1475844,1
19,1543630,2
19,1586011,2
19,1824716,1
19,1904196,1
19,1914238,1
19,1914254,1
19,1936995,1
19,1950520,1
19,1976312,2
19,2040141,2
19,2206034,2
19,2213673,1
19,2253537,1
19,2254469,1
19,2263060,1
19,2430546,1
19,2483261,1
19,2515091,1
19,2553052,1
19,2602996,1
19,2612686,1
19,2634686,1
19,2636788,1
19,2639567,1
19,2667582,1
19,2693508,2
19,2702915,1
19,2713885,1
19,2740017,1
19,2740099,1
19,2762186,1
19,2771838,1
19,2780610,2
19,2785826,2
19,2820689,2
19,2825313,1
19,2826729,2
19,2833302,1
19,2852784,1
19,2879843,2
19,2879845,2
19,2912126,1
19,2929516,2
19,3009659,2
19,3029818,2
19,3051092,1
19,3073801,1
19,3097355,2
19,3129061,1
19,3155071,1
19,3166566,2
19,3177940,1
19,3271214,1
19,3271241,1
19,3292826,1
19,3343231,2
19,3400823,2
19,3400824,2
19,3420730,1
19,3420783,1
19,3426263,1
19,3438426,1
19,3473978,1
19,3479249,2
19,3489845,1
19,3503952,1
19,3512371,1
19,3522322,1
19,3527059,1
19,3536789,1
19,3541572,2
19,3546181,2
19,3546191,1
19,3549351,2
19,3581290,2
19,3603204,1
19,3649142,1
19,3678057,1
19,3713301,1
19,3713304,1
19,3724576,2
19,3759770,1
19,3777329,1
19,3781223,1
19,3792611,1
19,3821431,1
19,3879513,1
19,3884175,2
20,1459264,1
20,1459268,1
20,1523371,1
20,153522,2
20,1570451,2
20,1586188,1
20,1636036,1
20,1687187,2
20,1751015,1
20,1805426,1
20,1891108,1
20,1936994,2
20,1976317,1
20,2116997,2
20,2202780,2
20,2222677,1
20,2245957,1
20,2254639,2
20,2258295,2
20,2266718,1
20,2311282,2
20,2423870,2
20,2448938,1
20,2536181,1
20,2546374,2
20,2553050,2
20,2584009,1
20,2588821,1
20,2628097,2
20,2637899,2
20,2656964,2
20,2656981,1
20,2667168,2
20,2700595,1
20,2702886,1
20,2726548,1
20,2740038,1
20,2740109,1
20,2749011,1
20,2769322,2
20,2805600,1
20,2822176,2
20,2823150,2
20,2829468,1
20,2835690,2
20,2846859,1
20,2869440,1
20,2884449,2
20,2892435,1
20,2902452,2
20,2903521,2
20,2918628,2
20,2924549,1
20,2933699,1
20,2936927,2
20,2938506,2
20,2966580,1
20,2972610,2
20,2977075,2
20,2984407,1
20,3004513,1
20,3015287,2
20,3015509,2
20,3015846,2
20,3016817,1
20,3022694,2
20,3043450,2
20,3047893,1
20,3075161,1
20,3088392,2
20,3097568,2
20,3099062,1
20,3101356,2
20,3108289,1
20,3113185,1
20,3121590,2
20,3123199,2
20,3123852,1
20,3127318,1
20,3129103,1
20,3145093,2
20,3160360,2
20,3161023,2
20,3170312,1
20,3180596,1
20,3195765,2
20,3200117,2
20,3201103,2
20,3209994,1
20,3215995,2
20,3236146,2
20,3249852,2
20,3259121,2
20,3263603,1
20,3273785,2
20,3311001,1
20,3326743,2
20,3350007,1
20,3350049,2
20,3382696,1
20,3396109,2
20,3410093,2
20,3443655,2
20,3467606,1
20,3468117,2
20,3468765,1
20,3470986,2
20,3479014,2
20,3481223,2
20,3502811,2
20,3516932,1
20,3521404,2
20,3531646,2
20,3538640,2
20,3542893,1
20,3555553,1
20,3555602,2
20,3570930,2
20,3580753,2
20,3601500,2
20,3616185,2
20,3636075,2
20,3642795,1
20,3644739,1
20,3649270,2
20,3649285,1
20,3649614,1
20,3711735,2
20,3711740,2
20,3746438,2
20,3750490,2
20,3763677,1
20,3765128,1
20,3789901,2
20,3797933,1
20,3818878,2
20,3825967,2
20,3838988,1
20,3841536,1
20,3854980,2
20,3860030,1
20,3860647,2
20,3876503,1
20,3876522,1
21,1065341,2
21,1174953,2
21,1257422,1
21,1459118,2
21,1526618,2
21,1526638,2
21,1526641,2
21,1574344,1
21,165035,2
21,165061,2
21,1779374,1
21,1779377,1
21,1779408,2
21,1779422,2
21,1779435,2
21,1784079,1
21,1794505,2
21,1860058,1
21,1885430,1
21,1936358,1
21,193724,2
21,2137255,1
21,2180666,2
21,2188548,2
21,2193634,1
21,2193846,2
21,2206021,2
21,2206349,2
21,2211766,2
21,2214826,2
21,2374470,2
21,2374473,2
21,2377340,2
21,2390549,1
21,2526068,2
21,2592791,2
21,2592800,2
21,2598825,2
21,2642852,2
21,2650979,2
21,2656253,2
21,2672233,2
21,2687656,2
21,2722012,2
21,2722751,2
21,2726506,2
21,2732791,2
21,2738311,2
21,2763717,1
21,2777903,2
21,2779290,2
21,2787270,2
21,2789586,2
21,2807152,2
21,2822250,1
21,2833576,2
21,2856385,2
21,2857803,2
21,2888204,2
21,2941754,2
21,2965916,2
21,2981848,2
21,2987328,1
21,3019058,2
21,3033530,2
21,3042616,2
21,3044791,2
21,3045886,1
21,3046515,2
21,3087414,2
21,3093930,2
21,3099202,2
21,3108200,2
21,3120985,2
21,3132014,2
21,3132017,2
21,3132697,1
21,3135110,1
21,3138087,2
21,3143101,1
21,3151599,2
21,3177362,2
21,3177938,2
21,3184045,2
21,3194612,2
21,3194630,2
21,3196871,2
21,3201107,2
21,3224515,1
21,3227425,2
21,3237274,2
21,3239336,2
21,3240161,2
21,3241370,2
21,3262532,1
21,3262772,2
21,3263087,2
21,3275113,1
21,3276022,1
21,3276790,1
21,3295660,1
21,3307463,2
21,3308098,2
21,3317086,1
21,3327025,1
21,3330312,1
21,3331880,1
21,3334060,2
21,3343432,2
21,3361854,1
21,3364667,2
21,3367406,2
21,3375451,1
21,3385850,2
21,3395176,1
21,3395333,1
21,3399342,2
21,3407018,1
21,3410306,2
21,3413961,2
21,3420510,1
21,3420570,2
21,3420725,1
21,3424871,1
21,3428170,1
21,3437177,2
21,3459357,2
21,3459702,1
21,3460634,2
21,3465901,1
21,3512311,2
21,3512775,2
21,3546453,1
21,3551686,1
21,3561694,1
21,3564269,2
21,3580530,2
21,3589375,2
21,3615941,2
21,3616816,2
21,3616818,2
21,3619043,2
21,3621239,2
21,3623899,2
21,3624107,2
21,3632719,2
21,3632720,1
21,3651279,2
21,3667088,2
21,3674591,2
21,3674621,2
21,3674632,1
21,3702711,2
21,3745888,1
21,3751269,2
21,3793305,1
21,3794566,2
21,3798352,2
21,3804839,1
21,3808756,2
21,3816272,2
21,3820835,2
21,3827532,2
21,3827830,2
21,3834709,1
21,3839844,2
21,3845485,1
21,3853164,2
21,3863508,1
21,3866685,2
21,3878216,1
22,2245959,1
22,2365938,1
22,2385905,1
22,2442045,1
22,2449135,1
22,2467416,1
22,2475384,1
22,2478665,1
22,2546371,1
22,2546372,1
22,2562359,1
22,2575197,1
22,2644320,1
22,2659845,1
22,2726470,1
22,2736155,1
22,2740171,1
22,2821651,2
22,2998004,2
22,2998026,2
22,3015229,1
22,3015272,1
22,3015275,2
22,3015359,2
22,3015535,2
22,3015536,1
22,3015668,2
22,3015684,1
22,3015692,1
22,3015793,2
22,3015967,1
22,3016470,2
22,3016484,1
22,3016825,2
22,3017973,2
22,3030794,2
22,3113179,1
22,3183543,1
22,3191386,2
22,3261406,2
22,3340973,1
22,3625558,2
22,3627155,2
22,3630710,2
22,3673574,2
22,3729989,2
22,3729991,2
22,3783786,2
22,3796724,1
22,3870869,2
22,3891987,2
23,1079947,1
23,1168908,1
23,1187925,1
23,1269449,1
23,1386666,1
23,1479817,1
23,1481583,1
23,1483837,1
23,1488827,1
23,1524947,1
23,1524986,1
23,1592076,1
23,1633737,1
23,1697818,1
23,1821020,1
23,1949836,1
23,2048957,1
23,2246097,2
23,2442901,1
23,2528206,1
23,2528214,1
23,2528218,1
23,2629961,2
23,2629967,2
23,2629982,2
23,2650592,1
23,2650594,1
23,2650603,2
23,2650609,1
23,2672796,1
23,2672797,1
23,2684714,2
23,2685145,2
23,2687595,1
23,2692114,2
23,2692120,2
23,2695191,2
23,2695197,2
23,2695619,2
23,2699821,2
23,2699958,2
23,2699965,1
23,2706597,1
23,2706605,1
23,2706608,2
23,2706609,1
23,2707151,1
23,2707157,2
23,2707802,2
23,2707808,2
23,2707811,2
23,2739483,2
23,2799410,1
23,2802352,1
23,2846152,2
23,2848004,2
23,2865026,1
23,2876086,2
23,2939681,1
23,2941920,2
23,2962297,1
23,2962302,2
23,2988175,2
23,3004609,2
23,3016307,1
23,3047913,1
23,3062119,1
23,3072154,2
23,3107698,2
23,3109340,2
23,3141809,1
23,3165919,1
23,3170646,2
23,3177593,2
23,3206765,2
23,3206766,2
23,3217852,1
23,3219759,2
23,3257951,1
23,3266210,2
23,3282915,2
23,3321723,2
23,3325000,2
23,3359241,2
23,3365251,1
23,3370314,1
23,3372934,1
23,3430121,1
23,3436640,2
23,3436722,1
23,3457839,2
23,3459658,1
23,3463056,1
23,3475004,2
23,3478173,2
23,3479064,2
23,3485098,1
23,3511775,2
23,3514008,2
23,3530855,1
23,3553649,1
23,3556894,2
23,3557179,1
23,3580134,2
23,3595976,2
23,3598856,1
23,3638626,2
23,3642471,2
23,3653890,2
23,3657849,2
23,3711651,2
23,3728154,2
23,3743182,1
23,3762609,2
23,3764164,1
23,3775210,2
23,3787546,2
23,3795054,2
23,3808824,1
23,3816156,2
23,3818738,1
23,3833311,1
23,3845712,2
23,3869834,2
23,3884851,2
23,3884956,2
23,517721,2
24,1065003,2
24,1175911,2
24,137237,1
24,137240,2
24,1523371,1
24,1634741,1
24,1687187,1
24,1712221,1
24,1876232,1
24,2151863,1
24,2151899,1
24,2206489,1
24,2222677,1
24,2387157,1
24,2475515,1
24,2667168,1
24,2672300,1
24,2683798,2
24,2702950,1
24,2734531,1
24,2740109,2
24,2783104,2
24,2815823,2
24,2822176,1
24,2827072,1
24,2887168,1
24,2887184,1
24,2895169,1
24,29048,2
24,2907361,1
24,2977075,2
24,2992067,1
24,3015657,1
24,3015742,1
24,3015787,1
24,3015800,2
24,3015946,1
24,3016124,1
24,3016176,1
24,3016809,1
24,3030803,1
24,3096911,1
24,3097557,1
24,3132362,1
24,3132363,1
24,3132364,1
24,3170179,2
24,3178521,1
24,3195329,1
24,3248865,1
24,3259121,2
24,3261389,1
24,3295742,1
24,3299142,1
24,3300932,2
24,3307080,1
24,3327282,1
24,3336896,1
24,3338082,1
24,3355033,1
24,3389850,1
24,3435936,1
24,3468117,1
24,3492969,1
24,3493049,1
24,3502264,1
24,3519039,1
24,3523444,1
24,3532171,1
24,3542897,2
24,3558709,1
24,3579987,1
24,3588206,1
24,3590203,1
24,3599178,1
24,3614379,2
24,3649557,1
24,3655517,1
24,3685544,1
24,3701514,1
24,3785339,1
24,3797604,1
24,3813486,1
24,3813711,2
24,3860647,2
24,3861379,1
24,3866073,1
24,3876498,2
24,3877598,1
24,3888001,1
25,137370,2
25,1414004,2
25,1414023,2
25,2151894,2
25,2375967,2
25,2424119,2
25,2447617,2
25,2517085,2
25,2518379,2
25,2536546,2
25,2556735,2
25,2566562,2
25,2575601,2
25,2700595,2
25,2703212,2
25,2709613,2
25,2811919,2
25,2811943,2
25,2819256,2
25,2909783,2
25,2911700,2
25,2931126,2
25,3026928,2
25,3097575,2
25,3162713,2
25,3209993,2
25,3363371,2
25,3489798,2
25,3500003,2
25,3500006,2
25,3500013,2
25,3703898,2
25,3815000,2
25,3860083,2
26,101408,2
26,1190209,2
26,1308854,2
26,1533839,2
26,1564027,2
26,1784581,2
26,1802871,2
26,1805504,2
26,1941736,2
26,2020466,2
26,2048661,2
26,2169253,2
26,2277457,2
26,2364524,2
26,2396646,2
26,2442721,2
26,2500040,2
26,2621393,2
26,2621421,2
26,2632633,2
26,2662423,2
26,2671450,2
26,2716359,2
26,2771031,2
26,2817700,2
26,2821918,2
26,2878224,2
26,2891813,2
26,2993958,2
26,3002144,2
26,3010999,2
26,3062442,2
26,3064892,2
26,3071276,2
26,3108318,2
26,3121651,2
26,3123601,2
26,3135562,2
26,3161113,2
26,3170143,2
26,3224336,2
26,3268102,2
26,3294402,2
26,3294539,2
26,3294930,2
26,3308704,2
26,3329036,2
26,3346948,2
26,3348951,2
26,3350389,2
26,3395692,2
26,3453493,2
26,3499992,2
26,3570914,2
26,3579948,2
26,3581530,2
26,3581554,2
26,3659284,2
26,3673823,2
26,3695962,2
26,3719243,2
26,3765867,2
26,3776740,2
26,3810122,2
26,3874601,2
26,3877878,2
26,3878108,2
26,3878349,2
26,545196,2
27,1079798,1
27,1097718,1
27,1164411,2
27,122065,1
27,128860,1
27,130964,2
27,1468413,1
27,1574321,1
27,1619718,1
27,1626073,1
27,1716812,1
27,1764411,2
27,1853078,1
27,1891278,1
27,1910602,1
27,1976608,1
27,2001743,2
27,2008365,1
27,2008663,1
27,2009205,1
27,2009549,1
27,2010206,1
27,2010564,1
27,2033331,1
27,2039779,1
27,2040155,1
27,2045078,1
27,2063938,1
27,2071239,2
27,2120913,1
27,2137813,1
27,2150072,1
27,2174811,1
27,2247320,1
27,2259331,1
27,2324103,1
27,2359923,1
27,2360534,1
27,2362747,2
27,2362869,2
27,2363293,2
27,2364167,2
27,2374411,1
27,2377048,1
27,2377088,1
27,2386133,1
27,2386495,1
27,2394323,1
27,2409350,1
27,2423373,1
27,2442097,1
27,2448638,2
27,2453007,1
27,2488397,1
27,2492852,1
27,2515291,1
27,2518080,1
27,2527302,1
27,2542395,2
27,2564833,1
27,2566573,1
27,2610029,1
27,2627155,1
27,2627450,1
27,2628170,1
27,2633324,1
27,2637891,1
27,2664807,1
27,2667937,1
27,2670000,1
27,2676285,1
27,2678864,2
27,2686156,2
27,2687647,1
27,2687766,1
27,2688344,1
27,2688666,1
27,2691665,2
27,2695684,1
27,2695685,2
27,2697381,1
27,270054,1
27,2702373,1
27,2708144,1
27,2719082,1
27,2726128,1
27,2729239,1
27,2732778,2
27,2735164,1
27,2735811,1
27,2736979,1
27,2736982,1
27,2741037,2
27,2741116,1
27,2747696,1
27,2752792,1
27,2760573,1
27,2762046,2
27,2768446,1
27,2769307,1
27,2769428,1
27,2771154,1
27,2772987,2
27,2774663,1
27,2777911,2
27,2779445,1
27,2788474,2
27,2791478,2
27,2794357,1
27,2801015,1
27,280655,1
27,2813652,1
27,2817804,2
27,2818151,1
27,2828397,1
27,2837058,1
27,2837291,1
27,2837297,1
27,2839999,1
27,2840002,2
27,2840009,2
27,2840014,2
27,2843649,1
27,2850516,1
27,2852601,1
27,2852697,1
27,2860392,1
27,2862176,1
27,2876274,2
27,2876297,1
27,2876299,1
27,2876303,1
27,2876304,1
27,2892687,1
27,2903953,1
27,2905323,1
27,2912863,1
27,2914265,1
27,2920711,1
27,2923788,1
27,2925815,2
27,2948500,1
27,2964787,1
27,2965715,1
27,2966613,1
27,2967835,1
27,2972238,1
27,2980629,1
27,2981839,1
27,2988711,1
27,2988858,1
27,2990396,2
27,2994792,1
27,2994888,1
27,2999595,1
27,3001711,1
27,3003207,1
27,3004370,2
27,3005213,2
27,3011290,1
27,3014836,1
27,3015243,1
27,3015544,2
27,3015622,1
27,3015657,1
27,3015866,2
27,3015883,1
27,3015959,2
27,3016028,2
27,3016168,1
27,3019601,1
27,3021307,1
27,3025371,1
27,3026616,1
27,3030791,2
27,3037991,1
27,3039799,2
27,3043425,2
27,3048090,2
27,3048199,1
27,3053216,1
27,3056219,1
27,3056415,1
27,3068125,1
27,3068495,1
27,3070260,1
27,3073807,2
27,3075165,1
27,3077743,2
27,3083050,1
27,3083058,1
27,3088751,1
27,3095252,1
27,3097341,1
27,3098790,1
27,3101231,1
27,3109311,1
27,3111162,1
27,3112117,1
27,3118379,1
27,3120795,1
27,3122101,1
27,3123646,1
27,3124030,1
27,3128257,1
27,3128367,2
27,3130970,2
27,3134184,1
27,3141699,1
27,3149672,1
27,3149991,1
27,3157405,1
27,3158850,2
27,3172658,1
27,3175197,1
27,3175343,2
27,3176243,1
27,3180149,2
27,3180598,2
27,3180600,2
27,3180665,1
27,3188476,1
27,3196709,1
27,3201938,1
27,3202244,1
27,3203034,1
27,3221833,1
27,3223940,2
27,3224052,1
27,3224925,2
27,3226355,1
27,3230830,1
27,3233461,1
27,3234123,1
27,3234125,2
27,3234159,1
27,3235582,1
27,3240859,1
27,3245898,2
27,3247868,2
27,3254205,1
27,3257138,1
27,3258555,1
27,3265630,2
27,3272625,1
27,3281354,1
27,3286557,1
27,3286732,1
27,3286741,1
27,3288901,1
27,3288909,1
27,3288920,1
27,3288921,2
27,3288928,2
27,3288931,2
27,3288934,2
27,3288937,1
27,3288939,1
27,3288944,2
27,3299364,1
27,3302104,1
27,3303534,1
27,3303710,1
27,3304079,1
27,3304081,1
27,3305541,1
27,3310782,1
27,3311639,1
27,3319995,1
27,3324920,1
27,3326682,2
27,3326694,1
27,3326977,1
27,3335362,2
27,3337865,1
27,3341484,1
27,3343155,1
27,3353167,2
27,3353298,2
27,3355924,1
27,3359430,1
27,3363056,1
27,3363066,1
27,3363118,2
27,3363119,1
27,3363120,1
27,3363130,2
27,3365666,1
27,3365671,1
27,3367154,2
27,3371901,1
27,3372247,1
27,3388327,2
27,3395314,2
27,3401920,1
27,3401934,2
27,3404172,1
27,3405341,1
27,3407452,2
27,3407736,2
27,3410368,2
27,3412677,2
27,3414059,2
27,3417547,1
27,3417875,1
27,3417891,1
27,3423676,1
27,3423677,2
27,3425978,1
27,3429751,1
27,3429824,1
27,3432824,1
27,3437782,1
27,3437999,1
27,3444426,1
27,3444435,1
27,3457043,1
27,3457959,1
27,3458979,1
27,3471431,2
27,3474461,1
27,3474773,2
27,3475687,1
27,3479943,1
27,3481244,2
27,3482598,2
27,3491231,2
27,3492653,1
27,3493016,1
27,3493301,2
27,3493738,1
27,3498283,1
27,3504424,2
27,3513321,2
27,3513841,1
27,3514484,1
27,3515435,2
27,3518095,1
27,3520596,2
27,3521933,1
27,3521943,1
27,3522345,1
27,3523539,1
27,3529315,1
27,3530430,1
27,3531940,1
27,3533100,1
27,3535726,1
27,3557386,1
27,3560802,1
27,3564572,1
27,3572313,1
27,3572359,1
27,3572815,1
27,3580935,1
27,3584831,2
27,3584835,1
27,3584840,1
27,3586510,1
27,3597902,1
27,3600036,1
27,3600188,1
27,3600192,1
27,3603485,1
27,3613822,1
27,3614034,1
27,3617975,1
27,3618006,1
27,3618050,1
27,3623842,1
27,3625595,1
27,3626175,1
27,3628258,1
27,3630304,1
27,3630305,1
27,3630306,1
27,3630307,1
27,3640225,1
27,3644489,1
27,3649181,1
27,3649645,1
27,3653932,1
27,3661963,2
27,3666221,2
27,3666422,2
27,3667021,1
27,3678056,1
27,3678072,1
27,3680425,1
27,3681719,1
27,3687862,1
27,3694451,1
27,3695091,1
27,3698429,1
27,3698887,1
27,3699850,1
27,3700488,1
27,3703684,1
27,3704099,1
27,3710774,2
27,3712156,1
27,3712201,2
27,3715331,1
27,3715496,1
27,3715530,1
27,3720855,1
27,3726236,1
27,3728505,1
27,3731471,1
27,3731514,1
27,3733694,1
27,3734930,1
27,3746052,2
27,3746135,1
27,3750541,2
27,3750659,1
27,3751852,1
27,3759916,1
27,3760125,1
27,3763110,1
27,3764940,1
27,3782665,1
27,3782666,1
27,3782668,1
27,3782725,1
27,3797560,1
27,3797561,1
27,3797921,1
27,3797932,2
27,3797933,1
27,3797946,1
27,3804476,1
27,3806499,1
27,3811064,1
27,3829387,1
27,3837083,1
27,3837333,1
27,3843547,2
27,3844264,1
27,3848543,1
27,3848546,1
27,3851139,1
27,3852475,1
27,3855836,1
27,3855980,1
27,3856262,1
27,3876602,1
27,3877609,1
27,3880905,1
27,3881926,1
27,3890001,1
27,3890483,1
27,419354,2
27,549518,1
28,2034102,2
28,2668588,1
28,2712619,2
28,2752771,2
28,2755011,2
28,2770548,1
28,2825518,1
28,2887860,2
28,2970787,1
28,2977938,2
28,3119443,2
28,3125005,2
28,3136076,2
28,3146980,2
28,3183510,2
28,3193712,2
28,3198670,2
28,3205534,2
28,3249873,1
28,3277484,1
28,3296410,1
28,3356124,2
28,3356983,2
28,3368296,2
28,3375662,1
28,3408871,1
28,3420498,1
28,3429898,2
28,3461630,1
28,3475917,2
28,3476184,2
28,3476218,2
28,3483691,2
28,3510933,1
28,3510938,2
28,3529459,2
28,3544356,1
28,3562590,2
28,3575245,2
28,3598222,2
28,3615941,1
28,3663461,1
28,3683226,1
28,3683415,1
28,3779461,1
28,3806158,2
28,3830281,2
28,3853872,2
28,3872708,2
28,3872718,2
28,3890907,2
28,3892129,1
29,1184084,2
29,1208898,2
29,126217,2
29,1298328,2
29,1524743,2
29,1566965,2
29,1609173,2
29,1661644,2
29,1781939,2
29,1866224,2
29,1936260,2
29,1936264,2
29,1937001,2
29,2040183,2
29,2050627,2
29,2248794,2
29,2267483,2
29,2267485,2
29,2277453,2
29,2289820,2
29,2322920,2
29,2329635,2
29,2544368,2
29,2546467,2
29,2546475,2
29,2566998,2
29,2588091,2
29,2612651,2
29,2613968,2
29,2643104,2
29,2682380,2
29,2685263,2
29,2685267,2
29,2697589,2
29,2699644,2
29,2703233,2
29,2714827,2
29,2727882,2
29,2728188,2
29,2766835,2
29,2817938,2
29,2895897,2
29,2899785,2
29,2909499,2
29,2931762,2
29,2940796,2
29,2947011,2
29,2948330,2
29,2971719,2
29,2971725,2
29,2971740,2
29,2990904,2
29,3034724,2
29,3082804,2
29,3095556,2
29,3102469,2
29,3131985,2
29,3132720,2
29,3135990,2
29,3139257,2
29,3139264,2
29,3141385,2
29,3169776,2
29,3186889,2
29,3232638,2
29,3264422,2
29,3273686,2
29,3276006,2
29,3296386,2
29,3296391,2
29,3309219,2
29,3411311,2
29,3431956,2
29,3513203,2
29,3546323,2
29,3549483,2
29,3648838,2
29,3657072,2
29,3809875,2
29,3817709,2
29,3869728,2
29,3879247,2
29,493281,2
29,517502,2
29,517940,2
30,1175909,2
30,155634,2
30,1590051,2
30,1626463,2
30,1993952,2
30,1993984,2
30,1993997,2
30,1994028,2
30,1994035,2
30,2276892,2
30,2291334,2
30,2293961,2
30,2293964,2
30,2293969,2
30,2324209,2
30,2350132,2
30,2429901,2
30,2442122,2
30,2464772,2
30,2496985,2
30,2515416,2
30,2663435,2
30,2663442,2
30,2663448,2
30,2663456,2
30,2667172,2
30,2684577,2
30,2685235,2
30,2685385,2
30,2686260,2
30,2686340,2
30,2686947,2
30,2705819,2
30,270718,2
30,2710973,2
30,2762362,2
30,2762432,2
30,2769449,2
30,2779349,2
30,2782189,2
30,2784465,2
30,2801628,2
30,2804148,2
30,2860444,2
30,2882888,2
30,2882891,2
30,2901246,2
30,2922317,2
30,2958933,2
30,2998248,2
30,3014709,2
30,3033857,2
30,3049544,2
30,3072742,2
30,3139133,2
30,3157758,2
30,3166187,2
30,3172062,2
30,3172066,2
30,3172072,2
30,3172074,2
30,3172075,2
30,3172079,2
30,3172088,2
30,3180239,2
30,3198689,2
30,3212428,2
30,3281253,2
30,3310359,2
30,3312289,2
30,3333805,2
30,3347847,2
30,3361053,2
30,3363143,2
30,3376503,2
30,3383153,2
30,3487315,2
30,3606043,2
30,3634960,2
30,3685454,2
30,3699293,2
30,3701495,2
30,3769201,2
30,3785401,2
30,3792946,2
30,3826290,2
30,3831294,2
30,3832384,2
30,3872428,2
